date,open,high,low,close,price,volume
2024-04-19,166.21,166.4,164.08,165.0,165.0,67772100
2024-04-18,168.03,168.64,166.55,167.04,167.04,43122900
2024-04-17,169.61,170.65,168.0,168.0,168.0,50901200
2024-04-16,171.75,173.76,168.27,169.38,169.38,73711200
2024-04-15,175.36,176.63,172.5,172.69,172.69,73531800
2024-04-12,174.26,178.36,174.21,176.55,176.55,101593300
2024-04-11,168.34,175.46,168.16,175.04,175.04,91070300
2024-04-10,168.8,169.09,167.11,167.78,167.78,49709300
2024-04-09,168.7,170.08,168.35,169.67,169.67,42451200
2024-04-08,169.03,169.2,168.24,168.45,168.45,37425500
2024-04-05,169.59,170.39,168.95,169.58,169.58,42055200
2024-04-04,170.29,171.92,168.82,168.82,168.82,53704400
2024-04-03,168.79,170.68,168.58,169.65,169.65,47691700
2024-04-02,169.08,169.34,168.23,168.84,168.84,49329500
2024-04-01,171.19,171.25,169.48,170.03,170.03,46240500
2024-03-28,171.75,172.23,170.51,171.48,171.48,65672700
2024-03-27,170.41,173.6,170.11,173.31,173.31,60273300
2024-03-26,170.0,171.42,169.58,169.71,169.71,57388400
2024-03-25,170.57,171.94,169.45,170.85,170.85,54288300
2024-03-22,171.76,173.05,170.06,172.28,172.28,71106600
2024-03-21,177.05,177.49,170.84,171.37,171.37,106181300
2024-03-20,175.72,178.67,175.09,178.67,178.67,53423100
2024-03-19,174.34,176.61,173.03,176.08,176.08,55215200
2024-03-18,175.57,177.71,173.52,173.72,173.72,75604200
2024-03-15,171.17,172.62,170.29,172.62,172.62,121664700
2024-03-14,172.91,174.31,172.05,173.0,173.0,72913500
2024-03-13,172.77,173.19,170.76,171.13,171.13,52488700
2024-03-12,173.15,174.03,171.01,173.23,173.23,59825400
2024-03-11,172.94,174.38,172.05,172.75,172.75,60139500
2024-03-08,169.0,173.7,168.94,170.73,170.73,76114600
2024-03-07,169.15,170.73,168.49,169.0,169.0,71765100
2024-03-06,171.06,171.24,168.68,169.12,169.12,68587700
2024-03-05,170.76,172.04,169.62,170.12,170.12,95132400
2024-03-04,176.15,176.9,173.79,175.1,175.1,81510100
2024-03-01,179.55,180.53,177.38,179.66,179.66,73488000
2024-02-29,181.27,182.57,179.53,180.75,180.75,136682600
2024-02-28,182.51,183.12,180.13,181.42,181.42,48953900
2024-02-27,181.1,183.92,179.56,182.63,182.63,54318900
2024-02-26,182.24,182.76,180.65,181.16,181.16,40867400
2024-02-23,185.01,185.04,182.23,182.52,182.52,45119700
2024-02-22,183.48,184.96,182.46,184.37,184.37,52292200
2024-02-21,181.94,182.89,180.66,182.32,182.32,41529700
2024-02-20,181.79,182.43,180.0,181.56,181.56,53665600
2024-02-16,183.42,184.85,181.67,182.31,182.31,49701400
2024-02-15,183.55,184.49,181.35,183.86,183.86,65434500
2024-02-14,185.32,185.53,182.44,184.15,184.15,54630500
2024-02-13,185.77,186.21,183.51,185.04,185.04,56529500
2024-02-12,188.42,188.67,186.79,187.15,187.15,41781900
2024-02-09,188.65,189.99,188.0,188.85,188.85,45155200
2024-02-08,189.39,189.54,187.35,188.32,188.08,40962000
2024-02-07,190.64,191.05,188.61,189.41,189.17,53439000
2024-02-06,186.86,189.31,186.77,189.3,189.06,43490800
2024-02-05,188.15,189.25,185.84,187.68,187.44,69668800
2024-02-02,179.86,187.33,179.25,185.85,185.61,102518000
2024-02-01,183.99,186.95,183.82,186.86,186.62,64885400
2024-01-31,187.04,187.1,184.35,184.4,184.16,55467800
2024-01-30,190.94,191.8,187.47,188.04,187.8,55859400
2024-01-29,192.01,192.2,189.58,191.73,191.49,47145600
2024-01-26,194.27,194.76,191.94,192.42,192.17,44594000
2024-01-25,195.22,196.27,193.11,194.17,193.92,54822100
2024-01-24,195.42,196.38,194.34,194.5,194.25,53631300
2024-01-23,195.02,195.75,193.83,195.18,194.93,42355600
2024-01-22,192.3,195.33,192.26,193.89,193.64,60133900
2024-01-19,189.33,191.95,188.82,191.56,191.32,68741000
2024-01-18,186.09,189.14,185.83,188.63,188.39,78005800
2024-01-17,181.27,182.93,180.3,182.68,182.45,47317400
2024-01-16,182.16,184.26,180.93,183.63,183.4,65603000
2024-01-12,186.06,186.74,185.19,185.92,185.68,40444700
2024-01-11,186.54,187.05,183.62,185.59,185.35,49128400
2024-01-10,184.35,186.4,183.92,186.19,185.95,46792900
2024-01-09,183.92,185.15,182.73,185.14,184.9,42841800
2024-01-08,182.09,185.6,181.5,185.56,185.32,59144500
2024-01-05,181.99,182.76,180.17,181.18,180.95,62303300
2024-01-04,182.15,183.09,180.88,181.91,181.68,71983600
2024-01-03,184.22,185.88,183.43,184.25,184.02,58414500
2024-01-02,187.15,188.44,183.89,185.64,185.4,82488700
2023-12-29,193.9,194.4,191.73,192.53,192.28,42628800
2023-12-28,194.14,194.66,193.17,193.58,193.33,34049900
2023-12-27,192.49,193.5,191.09,193.15,192.9,48087700
2023-12-26,193.61,193.89,192.83,193.05,192.8,28919300
2023-12-22,195.18,195.41,192.97,193.6,193.35,37122800
2023-12-21,196.1,197.08,193.5,194.68,194.43,46482500
2023-12-20,196.9,197.68,194.83,194.83,194.58,52242800
2023-12-19,196.16,196.95,195.89,196.94,196.69,40714100
2023-12-18,196.09,196.63,194.39,195.89,195.64,55751900
2023-12-15,197.53,198.4,197.0,197.57,197.32,128256700
2023-12-14,198.02,199.62,196.16,198.11,197.86,66831600
2023-12-13,195.09,198.0,194.85,197.96,197.71,70404200
2023-12-12,193.08,194.72,191.72,194.71,194.46,52696900
2023-12-11,193.11,193.49,191.42,193.18,192.93,60943700
2023-12-08,194.2,195.99,193.67,195.71,195.46,53377300
2023-12-07,193.63,195.0,193.59,194.27,194.02,47477700
2023-12-06,194.45,194.76,192.11,192.32,192.07,41089700
2023-12-05,190.21,194.4,190.18,193.42,193.17,66628400
2023-12-04,189.98,190.05,187.45,189.43,189.19,43389500
2023-12-01,190.33,191.56,189.23,191.24,191.0,45679300
2023-11-30,189.84,190.32,188.19,189.95,189.71,48794400
2023-11-29,190.9,192.09,188.97,189.37,189.13,43014200
2023-11-28,189.78,191.08,189.4,190.4,190.16,38415400
2023-11-27,189.92,190.67,188.9,189.79,189.55,40552600
2023-11-24,190.87,190.9,189.25,189.97,189.73,24048300
2023-11-22,191.49,192.93,190.83,191.31,191.07,39617700
2023-11-21,191.41,191.52,189.74,190.64,190.4,38134500
2023-11-20,189.89,191.91,189.88,191.45,191.21,46505100
2023-11-17,190.25,190.38,188.57,189.69,189.45,50922700
2023-11-16,189.57,190.96,188.65,189.71,189.47,54412900
2023-11-15,187.85,189.5,187.78,188.01,187.77,53790500
2023-11-14,187.7,188.11,186.3,187.44,187.2,60108400
2023-11-13,185.82,186.03,184.21,184.8,184.56,43627500
2023-11-10,183.97,186.57,183.53,186.4,186.16,66133400
2023-11-09,182.96,184.12,181.81,182.41,181.94,53763500
2023-11-08,182.35,183.45,181.59,182.89,182.42,49340300
2023-11-07,179.18,182.44,178.97,181.82,181.35,70530000
2023-11-06,176.38,179.43,176.21,179.23,178.77,63841300
2023-11-03,174.24,176.82,173.35,176.65,176.19,79763700
2023-11-02,175.52,177.78,175.46,177.57,177.11,77334800
2023-11-01,171.0,174.23,170.12,173.97,173.52,56934900
2023-10-31,169.35,170.9,167.9,170.77,170.33,44846000
2023-10-30,169.02,171.17,168.87,170.29,169.85,51131000
2023-10-27,166.91,168.96,166.83,168.22,167.78,58499100
2023-10-26,170.37,171.38,165.67,166.89,166.46,70625300
2023-10-25,171.88,173.06,170.65,171.1,170.66,57157000
2023-10-24,173.05,173.67,171.45,173.44,172.99,43816600
2023-10-23,170.91,174.01,169.93,173.0,172.55,55980100
2023-10-20,175.31,175.42,172.64,172.88,172.43,64189300
2023-10-19,176.04,177.84,175.19,175.46,175.01,59302900
2023-10-18,175.58,177.58,175.11,175.84,175.38,54764400
2023-10-17,176.65,178.42,174.8,177.15,176.69,57549400
2023-10-16,176.75,179.08,176.51,178.72,178.26,52517000
2023-10-13,181.42,181.93,178.14,178.85,178.39,51427100
2023-10-12,180.07,182.34,179.04,180.71,180.24,56743100
2023-10-11,178.2,179.85,177.6,179.8,179.33,47551100
2023-10-10,178.1,179.72,177.95,178.39,177.93,43698000
2023-10-09,176.81,179.05,175.8,178.99,178.53,42390800
2023-10-06,173.8,177.99,173.18,177.49,177.03,57224100
2023-10-05,173.79,175.45,172.68,174.91,174.46,48527900
2023-10-04,171.09,174.21,170.97,173.66,173.21,53020300
2023-10-03,172.26,173.63,170.82,172.4,171.95,49594600
2023-10-02,171.22,174.3,170.93,173.75,173.3,52164500
2023-09-29,172.02,173.07,170.34,171.21,170.77,51814200
2023-09-28,169.34,172.03,167.62,170.69,170.25,56294400
2023-09-27,172.62,173.04,169.05,170.43,169.99,66921800
2023-09-26,174.82,175.2,171.66,171.96,171.51,64588900
2023-09-25,174.2,176.97,174.15,176.08,175.62,46172700
2023-09-22,174.67,177.08,174.05,174.79,174.34,56725400
2023-09-21,174.55,176.3,173.86,173.93,173.48,63047900
2023-09-20,179.26,179.7,175.4,175.49,175.04,58436200
2023-09-19,177.52,179.63,177.13,179.07,178.61,51826900
2023-09-18,176.48,179.38,176.17,177.97,177.51,67257600
2023-09-15,176.48,176.5,173.82,175.01,174.56,109205100
2023-09-14,174.0,176.1,173.58,175.74,175.29,60895800
2023-09-13,176.51,177.3,173.98,174.21,173.76,84267900
2023-09-12,179.49,180.13,174.82,176.3,175.84,90370200
2023-09-11,180.07,180.3,177.34,179.36,178.9,58953100
2023-09-08,178.35,180.24,177.79,178.18,177.72,65551300
2023-09-07,175.18,178.21,173.54,177.56,177.1,112488800
2023-09-06,188.4,188.85,181.47,182.91,182.44,81755800
2023-09-05,188.28,189.98,187.61,189.7,189.21,45280000
2023-09-01,189.49,189.92,188.28,189.46,188.97,45732600
2023-08-31,187.84,189.12,187.48,187.87,187.38,60794500
2023-08-30,184.94,187.85,184.74,187.65,187.16,60813900
2023-08-29,179.7,184.9,179.5,184.12,183.64,53003900
2023-08-28,180.09,180.59,178.55,180.19,179.72,43820700
2023-08-25,177.38,179.15,175.82,178.61,178.15,51449600
2023-08-24,180.67,181.1,176.01,176.38,175.92,54945800
2023-08-23,178.52,181.55,178.33,181.12,180.65,52722800
2023-08-22,177.06,177.68,176.25,177.23,176.77,42084200
2023-08-21,175.07,176.13,173.74,175.84,175.38,46311900
2023-08-18,172.3,175.1,171.96,174.49,174.04,61114200
2023-08-17,177.14,177.51,173.48,174.0,173.55,66062900
2023-08-16,177.13,178.54,176.5,176.57,176.11,46964900
2023-08-15,178.88,179.48,177.05,177.45,176.99,43622600
2023-08-14,177.97,179.69,177.31,179.46,179.0,43675600
2023-08-11,177.32,178.62,176.55,177.79,177.33,51988100
2023-08-10,179.48,180.75,177.6,177.97,177.27,54686900
2023-08-09,180.87,180.93,177.01,178.19,177.49,60378500
2023-08-08,179.69,180.27,177.58,179.8,179.09,67823000
2023-08-07,182.13,183.13,177.35,178.85,178.15,97576100
2023-08-04,185.52,187.38,181.92,181.99,181.27,115799700
2023-08-03,191.57,192.37,190.69,191.17,190.42,61235200
2023-08-02,195.04,195.18,191.85,192.58,191.82,50389300
2023-08-01,196.24,196.73,195.28,195.61,194.84,35175100
2023-07-31,196.06,196.49,195.26,196.45,195.68,38824100
2023-07-28,194.67,196.63,194.14,195.83,195.06,48291400
2023-07-27,196.02,197.2,192.55,193.22,192.46,47460200
2023-07-26,193.67,195.64,193.32,194.5,193.73,47471900
2023-07-25,193.33,194.44,192.92,193.62,192.86,37283200
2023-07-24,193.41,194.91,192.25,192.75,191.99,45377800
2023-07-21,194.1,194.97,191.23,191.94,191.18,71917800
2023-07-20,195.09,196.47,192.5,193.13,192.37,59581200
2023-07-19,193.1,198.23,192.65,195.1,194.33,80507300
2023-07-18,193.35,194.33,192.42,193.73,192.97,48353800
2023-07-17,191.9,194.32,191.81,193.99,193.23,50520200
2023-07-14,190.23,191.18,189.63,190.69,189.94,41573900
2023-07-13,190.5,191.19,189.78,190.54,189.79,41342300
2023-07-12,189.68,191.7,188.47,189.77,189.02,60750200
2023-07-11,189.16,189.3,186.6,188.08,187.34,46638100
2023-07-10,189.26,189.99,187.04,188.61,187.87,59922200
2023-07-07,191.41,192.67,190.24,190.68,189.93,46778000
2023-07-06,189.84,192.02,189.2,191.81,191.06,45094300
2023-07-05,191.57,192.98,190.62,191.33,190.58,46920300
2023-07-03,193.78,193.88,191.76,192.46,191.7,31458200
2023-06-30,191.63,194.48,191.26,193.97,193.21,85069600
2023-06-29,189.08,190.07,188.94,189.59,188.84,46347300
2023-06-28,187.93,189.9,187.6,189.25,188.51,51216800
2023-06-27,185.89,188.39,185.67,188.06,187.32,50730800
2023-06-26,186.83,188.05,185.23,185.27,184.54,48088700
2023-06-23,185.55,187.56,185.01,186.68,185.95,53079300
2023-06-22,183.74,187.05,183.67,187.0,186.26,51245300
2023-06-21,184.9,185.41,182.59,183.96,183.24,49515700
2023-06-20,184.41,186.1,184.41,185.01,184.28,49799100
2023-06-16,186.73,186.99,184.27,184.92,184.19,101235600
2023-06-15,183.96,186.52,183.78,186.01,185.28,65433200
2023-06-14,183.37,184.39,182.02,183.95,183.23,57462900
2023-06-13,182.8,184.15,182.44,183.31,182.59,54929100
2023-06-12,181.27,183.89,180.97,183.79,183.07,54274900
2023-06-09,181.5,182.23,180.63,180.96,180.25,48870700
2023-06-08,177.9,180.84,177.46,180.57,179.86,50214900
2023-06-07,178.44,181.21,177.32,177.82,177.12,61944600
2023-06-06,179.97,180.12,177.43,179.21,178.51,64848400
2023-06-05,182.63,184.95,178.04,179.58,178.87,121946500
2023-06-02,181.03,181.78,179.26,180.95,180.24,61945900
2023-06-01,177.7,180.12,176.93,180.09,179.38,68901800
2023-05-31,177.33,179.35,176.76,177.25,176.55,99625300
2023-05-30,176.96,178.99,176.57,177.3,176.6,55964400
2023-05-26,173.32,175.77,173.11,175.43,174.74,54835000
2023-05-25,172.41,173.9,171.69,172.99,172.31,56058300
2023-05-24,171.09,172.42,170.52,171.84,171.16,45143500
2023-05-23,173.13,173.38,171.28,171.56,170.89,50747300
2023-05-22,173.98,174.71,173.45,174.2,173.51,43570900
2023-05-19,176.39,176.39,174.94,175.16,174.47,55772400
2023-05-18,173.0,175.24,172.58,175.05,174.36,65496700
2023-05-17,171.71,172.93,170.42,172.69,172.01,57951600
2023-05-16,171.99,173.14,171.8,172.07,171.39,42110300
2023-05-15,173.16,173.21,171.47,172.07,171.39,37266700
2023-05-12,173.62,174.06,171.0,172.57,171.89,45497800
2023-05-11,173.85,174.59,172.17,173.75,172.83,49514700
2023-05-10,173.02,174.03,171.9,173.56,172.64,53724500
2023-05-09,173.05,173.54,171.6,171.77,170.86,45326900
2023-05-08,172.48,173.85,172.11,173.5,172.58,55962800
2023-05-05,170.98,174.3,170.76,173.57,172.65,113316400
2023-05-04,164.89,167.04,164.31,165.79,164.91,81235400
2023-05-03,169.5,170.92,167.16,167.45,166.56,65136000
2023-05-02,170.09,170.35,167.54,168.54,167.65,48425700
2023-05-01,169.28,170.45,168.64,169.59,168.69,52472900
2023-04-28,168.49,169.85,167.88,169.68,168.78,55209200
2023-04-27,165.19,168.56,165.19,168.41,167.52,64902300
2023-04-26,163.06,165.28,162.8,163.76,162.89,45498800
2023-04-25,165.19,166.31,163.73,163.77,162.9,48714100
2023-04-24,165.0,165.6,163.89,165.33,164.45,41949600
2023-04-21,165.05,166.45,164.49,165.02,164.14,58337300
2023-04-20,166.09,167.87,165.56,166.65,165.77,52456400
2023-04-19,165.8,168.16,165.54,167.63,166.74,47720200
2023-04-18,166.1,167.41,165.65,166.47,165.59,49923000
2023-04-17,165.09,165.39,164.03,165.23,164.35,41516200
2023-04-14,164.59,166.32,163.82,165.21,164.33,49386500
2023-04-13,161.63,165.8,161.42,165.56,164.68,68445600
2023-04-12,161.22,162.06,159.78,160.1,159.25,50133100
2023-04-11,162.35,162.36,160.51,160.8,159.95,47644200
2023-04-10,161.42,162.03,160.08,162.03,161.17,47716900
2023-04-06,162.43,164.96,162.0,164.66,163.79,45390100
2023-04-05,164.74,165.05,161.8,163.76,162.89,51511700
2023-04-04,166.6,166.84,165.11,165.63,164.75,46278300
2023-04-03,164.27,166.29,164.22,166.17,165.29,56976200
2023-03-31,162.44,165.0,161.91,164.9,164.02,68749800
2023-03-30,161.53,162.47,161.27,162.36,161.5,49501700
2023-03-29,159.37,161.05,159.35,160.77,159.92,51305700
2023-03-28,157.97,158.49,155.98,157.65,156.81,45992200
2023-03-27,159.94,160.77,157.87,158.28,157.44,52390300
2023-03-24,158.86,160.34,157.85,160.25,159.4,59196500
2023-03-23,158.83,161.55,157.68,158.93,158.09,67622100
2023-03-22,159.3,162.14,157.81,157.83,156.99,75701800
2023-03-21,157.32,159.4,156.54,159.28,158.43,73938300
2023-03-20,155.07,157.82,154.15,157.4,156.56,73641400
2023-03-17,156.08,156.74,154.28,155.0,154.18,98944600
2023-03-16,152.16,156.46,151.64,155.85,155.02,76161100
2023-03-15,151.19,153.25,149.92,152.99,152.18,77167900
2023-03-14,151.28,153.4,150.1,152.59,151.78,73695900
2023-03-13,147.81,153.14,147.7,150.47,149.67,84457100
2023-03-10,150.21,150.94,147.61,148.5,147.71,68572400
2023-03-09,153.56,154.54,150.23,150.59,149.79,53833600
2023-03-08,152.81,153.47,151.83,152.87,152.06,47204800
2023-03-07,153.7,154.03,151.13,151.6,150.8,56182000
2023-03-06,153.79,156.3,153.46,153.83,153.01,87558000
2023-03-03,148.04,151.11,147.33,151.03,150.23,70732300
2023-03-02,144.38,146.71,143.9,145.91,145.14,52238100
2023-03-01,146.83,147.23,145.01,145.31,144.54,55479000
2023-02-28,147.05,149.08,146.83,147.41,146.63,50547000
2023-02-27,147.71,149.17,147.45,147.92,147.13,44998500
2024-04-19,148.97,150.94,146.22,147.05,147.05,86005100
2024-04-18,151.25,152.2,148.7,149.93,149.93,96098800
2024-04-17,157.64,158.33,153.78,155.45,155.45,82439700
2024-04-16,156.74,158.19,153.75,157.11,157.11,97000000
2024-04-15,170.24,170.69,161.38,161.48,161.48,100245300
2024-04-12,172.34,173.81,170.36,171.05,171.05,64506600
2024-04-11,172.55,175.88,168.51,174.6,174.6,94516000
2024-04-10,173.04,174.93,170.01,171.76,171.76,84532400
2024-04-09,172.91,179.22,171.92,176.88,176.88,103232700
2024-04-08,169.34,174.5,167.79,172.98,172.98,104423300
2024-04-05,169.08,170.86,160.51,164.9,164.9,141250700
2024-04-04,170.07,177.19,168.01,171.11,171.11,123162000
2024-04-03,164.02,168.82,163.28,168.38,168.38,82950100
2024-04-02,164.75,167.69,163.43,166.63,166.63,116650600
2024-04-01,176.17,176.75,170.21,175.22,175.22,81562100
2024-03-28,177.45,179.57,175.3,175.79,175.79,77654800
2024-03-27,181.41,181.91,176.0,179.83,179.83,81804000
2024-03-26,178.58,184.25,177.38,177.67,177.67,113186200
2024-03-25,168.76,175.24,168.73,172.63,172.63,74228600
2024-03-22,166.69,171.2,166.3,170.83,170.83,75454700
2024-03-21,176.39,178.18,171.8,172.82,172.82,73178000
2024-03-20,173.0,176.25,170.82,175.66,175.66,83846700
2024-03-19,172.36,172.82,167.42,171.32,171.32,77271400
2024-03-18,170.02,174.72,165.9,173.8,173.8,108214400
2024-03-15,163.16,165.18,160.76,163.57,163.57,96971900
2024-03-14,167.77,171.17,160.51,162.5,162.5,126325700
2024-03-13,173.05,176.05,169.15,169.48,169.48,106524500
2024-03-12,177.77,179.43,172.41,177.54,177.54,87391700
2024-03-11,175.45,182.87,174.8,177.77,177.77,85391500
2024-03-08,181.5,182.73,174.7,175.34,175.34,85315300
2024-03-07,174.35,180.04,173.7,178.65,178.65,102129000
2024-03-06,179.99,181.58,173.7,176.54,176.54,107920900
2024-03-05,183.05,184.59,177.57,180.74,180.74,119660800
2024-03-04,198.73,199.75,186.72,188.14,188.14,134334900
2024-03-01,200.52,204.52,198.5,202.64,202.64,82099200
2024-02-29,204.18,205.28,198.45,201.88,201.88,85907000
2024-02-28,200.42,205.3,198.44,202.04,202.04,99806200
2024-02-27,204.04,205.6,198.26,199.73,199.73,108645400
2024-02-26,192.29,201.78,192.0,199.4,199.4,111747100
2024-02-23,195.31,197.57,191.5,191.97,191.97,78841900
2024-02-22,194.0,198.32,191.36,197.41,197.41,92739500
2024-02-21,193.36,199.44,191.95,194.77,194.77,103844000
2024-02-20,196.13,198.6,189.13,193.76,193.76,104545800
2024-02-16,202.06,203.17,197.4,199.95,199.95,111173600
2024-02-15,189.16,200.88,188.86,200.45,200.45,120831800
2024-02-14,185.3,188.89,183.35,188.71,188.71,81203000
2024-02-13,183.99,187.26,182.11,184.02,184.02,86759500
2024-02-12,192.11,194.73,187.28,188.13,188.13,95498600
2024-02-09,190.18,194.12,189.48,193.57,193.57,84476300
2024-02-08,189.0,191.62,185.58,189.56,189.56,83034000
2024-02-07,188.18,189.79,182.68,187.58,187.58,111535200
2024-02-06,177.21,186.49,177.11,185.1,185.1,122676000
2024-02-05,184.26,184.68,175.01,181.06,181.06,134294400
2024-02-02,185.04,188.69,182.0,187.91,187.91,110505100
2024-02-01,188.5,189.88,184.28,188.86,188.86,91843300
2024-01-31,187.0,193.97,185.85,187.29,187.29,103221400
2024-01-30,195.33,196.36,190.61,191.59,191.59,109982300
2024-01-29,185.63,191.48,183.67,190.93,190.93,125013100
2024-01-26,185.5,186.78,182.1,183.25,183.25,107343200
2024-01-25,189.7,193.0,180.06,182.63,182.63,198076800
2024-01-24,211.88,212.73,206.77,207.83,207.83,123369900
2024-01-23,211.3,215.65,207.75,209.14,209.14,106605900
2024-01-22,212.26,217.8,206.27,208.8,208.8,117952500
2024-01-19,209.99,213.19,207.56,212.19,212.19,102095800
2024-01-18,216.88,217.45,208.74,211.88,211.88,108595400
2024-01-17,214.86,215.67,212.01,215.55,215.55,103164400
2024-01-16,215.1,223.49,212.18,219.91,219.91,115355000
2024-01-12,220.08,225.34,217.15,218.89,218.89,122889000
2024-01-11,230.57,230.93,225.37,227.22,227.22,105873600
2024-01-10,235.1,235.5,231.29,233.94,233.94,91628500
2024-01-09,238.11,238.96,232.04,234.96,234.96,96705700
2024-01-08,236.14,241.25,235.3,240.45,240.45,85166600
2024-01-05,236.86,240.12,234.9,237.49,237.49,92379400
2024-01-04,239.25,242.7,237.73,237.93,237.93,102629300
2024-01-03,244.98,245.68,236.32,238.45,238.45,121082600
2024-01-02,250.08,251.25,244.41,248.42,248.42,104654200
2023-12-29,255.1,255.19,247.43,248.48,248.48,100615300
2023-12-28,263.66,265.13,252.71,253.18,253.18,113619900
2023-12-27,258.35,263.34,257.52,261.44,261.44,106494400
2023-12-26,254.49,257.97,252.91,256.61,256.61,86892400
2023-12-22,256.76,258.22,251.37,252.54,252.54,93249800
2023-12-21,251.9,254.8,248.55,254.5,254.5,109594200
2023-12-20,256.41,259.84,247.0,247.14,247.14,125097000
2023-12-19,253.48,258.34,253.01,257.22,257.22,106737400
2023-12-18,253.78,258.74,251.36,252.08,252.08,116416500
2023-12-15,251.21,254.13,248.3,253.5,253.5,135720800
2023-12-14,241.22,253.88,240.79,251.05,251.05,160829200
2023-12-13,234.19,240.3,228.2,239.29,239.29,146286300
2023-12-12,238.55,238.99,233.87,237.01,237.01,95328300
2023-12-11,242.74,243.44,237.45,239.74,239.74,97913900
2023-12-08,240.27,245.27,239.27,243.84,243.84,102980100
2023-12-07,241.55,244.08,236.98,242.64,242.64,107142300
2023-12-06,242.92,246.57,239.17,239.37,239.37,126436200
2023-12-05,233.87,246.66,233.7,238.72,238.72,137971100
2023-12-04,235.75,239.37,233.29,235.58,235.58,104099800
2023-12-01,233.14,240.19,231.9,238.83,238.83,121173500
2023-11-30,245.14,245.22,236.91,240.08,240.08,132353200
2023-11-29,249.21,252.75,242.76,244.14,244.14,135401300
2023-11-28,236.68,247.0,234.01,246.72,246.72,148549900
2023-11-27,236.89,238.33,232.1,236.08,236.08,112031800
2023-11-24,233.75,238.75,232.33,235.45,235.45,65125200
2023-11-22,242.04,244.01,231.4,234.21,234.21,117950600
2023-11-21,235.04,243.62,233.34,241.2,241.2,122288000
2023-11-20,234.04,237.1,231.02,235.6,235.6,116320100
2023-11-17,232.0,237.39,226.54,234.3,234.3,142532800
2023-11-16,239.49,240.88,230.96,233.59,233.59,136816800
2023-11-15,239.29,246.7,236.45,242.84,242.84,150354000
2023-11-14,235.03,238.14,230.72,237.41,237.41,149771600
2023-11-13,215.6,225.4,211.61,223.71,223.71,140447600
2023-11-10,210.03,215.38,205.69,214.65,214.65,130994000
2023-11-09,219.75,220.8,206.68,209.98,209.98,142110500
2023-11-08,223.15,224.15,217.64,222.11,222.11,106584800
2023-11-07,219.98,223.12,215.72,222.18,222.18,116900100
2023-11-06,223.98,226.32,215.0,219.27,219.27,117335800
2023-11-03,221.15,226.37,218.4,219.96,219.96,119281000
2023-11-02,212.97,219.2,211.45,218.51,218.51,125987600
2023-11-01,204.04,205.99,197.85,205.66,205.66,121661700
2023-10-31,196.12,202.8,194.07,200.84,200.84,118068300
2023-10-30,209.28,210.88,194.67,197.36,197.36,136448200
2023-10-27,210.6,212.41,205.77,207.3,207.3,94881200
2023-10-26,211.32,214.8,204.88,205.76,205.76,115112600
2023-10-25,215.88,220.1,212.2,212.42,212.42,107065100
2023-10-24,216.5,222.05,214.11,216.52,216.52,118231100
2023-10-23,210.0,216.98,202.51,212.08,212.08,150683400
2023-10-20,217.01,218.86,210.42,211.99,211.99,137734000
2023-10-19,225.95,230.61,216.78,220.11,220.11,170772700
2023-10-18,252.7,254.63,242.08,242.68,242.68,125147800
2023-10-17,250.1,257.18,247.08,254.85,254.85,93562900
2023-10-16,250.05,255.4,248.48,253.92,253.92,88917200
2023-10-13,258.9,259.6,250.22,251.12,251.12,102073800
2023-10-12,262.92,265.41,256.63,258.87,258.87,111508100
2023-10-11,266.2,268.6,260.9,262.99,262.99,103706300
2023-10-10,257.75,268.94,257.65,263.62,263.62,122656000
2023-10-09,255.31,261.36,252.05,259.67,259.67,101377900
2023-10-06,253.98,261.65,250.65,260.53,260.53,117947000
2023-10-05,260.0,263.6,256.25,260.05,260.05,119159200
2023-10-04,248.14,261.86,247.6,261.16,261.16,129721600
2023-10-03,248.61,250.02,244.45,246.53,246.53,101985300
2023-10-02,244.81,254.28,242.62,251.6,251.6,123810400
2023-09-29,250.0,254.77,246.35,250.22,250.22,128346200
2023-09-28,240.02,247.55,238.65,246.38,246.38,117058900
2023-09-27,244.26,245.33,234.58,240.5,240.5,136597200
2023-09-26,242.98,249.55,241.66,244.12,244.12,101993600
2023-09-25,243.38,247.1,238.31,246.99,246.99,104636600
2023-09-22,257.4,257.79,244.48,244.88,244.88,127524100
2023-09-21,257.85,260.86,254.21,255.7,255.7,119531000
2023-09-20,267.04,273.93,262.46,262.59,262.59,122514600
2023-09-19,264.35,267.85,261.2,266.5,266.5,103704000
2023-09-18,271.16,271.44,263.76,265.28,265.28,101543300
2023-09-15,277.55,278.98,271.0,274.39,274.39,133422800
2023-09-14,271.32,276.71,270.42,276.04,276.04,107709800
2023-09-13,270.07,274.98,268.1,271.3,271.3,111673700
2023-09-12,270.76,278.39,266.6,267.48,267.48,135999900
2023-09-11,264.27,274.85,260.61,273.58,273.58,174667900
2023-09-08,251.22,256.52,246.67,248.5,248.5,118367700
2023-09-07,245.07,252.81,243.27,251.49,251.49,115312900
2023-09-06,255.14,255.39,245.06,251.92,251.92,116959800
2023-09-05,245.0,258.0,244.86,256.49,256.49,129469600
2023-09-01,257.26,259.08,242.01,245.01,245.01,132272500
2023-08-31,255.98,261.18,255.05,258.08,258.08,108861700
2023-08-30,254.2,260.51,250.59,256.9,256.9,121988400
2023-08-29,238.58,257.48,237.77,257.18,257.18,134047600
2023-08-28,242.58,244.38,235.35,238.82,238.82,107673700
2023-08-25,231.31,239.0,230.35,238.59,238.59,106612200
2023-08-24,238.66,238.92,228.18,230.04,230.04,99777400
2023-08-23,229.34,238.98,229.29,236.86,236.86,101077600
2023-08-22,240.25,240.82,229.55,233.19,233.19,130597900
2023-08-21,221.55,232.13,220.58,231.28,231.28,135702700
2023-08-18,214.12,217.58,212.36,215.49,215.49,135813700
2023-08-17,226.06,226.74,218.83,219.22,219.22,120718400
2023-08-16,228.02,233.97,225.38,225.6,225.6,112484500
2023-08-15,238.73,240.5,232.61,232.96,232.96,88197600
2023-08-14,235.7,240.66,233.75,239.76,239.76,98595300
2023-08-11,241.77,243.79,238.02,242.65,242.65,98866600
2023-08-10,245.4,251.8,243.0,245.34,245.34,109498600
2023-08-09,250.87,251.1,241.9,242.19,242.19,101596300
2023-08-08,247.45,250.92,245.01,249.7,249.7,96642200
2023-08-07,251.45,253.65,242.76,251.45,251.45,111097900
2023-08-04,260.97,264.77,253.11,253.86,253.86,99242600
2023-08-03,252.04,260.49,252.0,259.32,259.32,97569100
2023-08-02,255.57,259.52,250.49,254.11,254.11,101752900
2023-08-01,266.26,266.47,260.25,261.07,261.07,83166000
2023-07-31,267.48,269.08,263.78,267.43,267.43,84582200
2023-07-28,259.86,267.25,258.23,266.44,266.44,111446000
2023-07-27,268.31,269.13,255.3,255.71,255.71,103697300
2023-07-26,263.25,268.04,261.75,264.35,264.35,95856200
2023-07-25,272.38,272.9,265.0,265.28,265.28,112757300
2023-07-24,255.85,269.85,254.12,269.06,269.06,136508500
2023-07-21,268.0,268.0,255.8,260.02,260.02,161050100
2023-07-20,279.56,280.93,261.2,262.9,262.9,175158300
2023-07-19,296.04,299.29,289.52,291.26,291.26,142355400
2023-07-18,290.15,295.26,286.01,293.34,293.34,112434700
2023-07-17,286.63,292.23,283.57,290.38,290.38,131569600
2023-07-14,277.01,285.3,276.31,281.38,281.38,119771100
2023-07-13,274.59,279.45,270.6,277.9,277.9,112681500
2023-07-12,276.33,276.52,271.46,271.99,271.99,95672100
2023-07-11,268.65,270.9,266.37,269.79,269.79,91972400
2023-07-10,276.47,277.52,265.1,269.61,269.61,119425400
2023-07-07,278.43,280.78,273.77,274.43,274.43,113602000
2023-07-06,278.09,279.97,272.88,276.54,276.54,120332100
2023-07-05,278.82,283.85,277.6,282.48,282.48,131530900
2023-07-03,276.49,284.25,275.11,279.82,279.82,119685900
2023-06-30,260.6,264.45,259.89,261.77,261.77,112267600
2023-06-29,258.03,260.74,253.61,257.5,257.5,131283400
2023-06-28,249.7,259.88,248.89,256.24,256.24,159770800
2023-06-27,243.24,250.39,240.85,250.21,250.21,164968200
2023-06-26,250.07,258.37,240.7,241.05,241.05,179990600
2023-06-23,259.29,262.45,252.8,256.6,256.6,176584100
2023-06-22,250.77,265.0,248.25,264.61,264.61,166875900
2023-06-21,275.13,276.99,257.78,259.46,259.46,211797100
2023-06-20,261.5,274.75,261.12,274.45,274.45,165611200
2023-06-16,258.92,263.6,257.21,260.54,260.54,167563700
2023-06-15,248.4,258.95,247.29,255.9,255.9,160171200
2023-06-14,260.17,261.57,250.5,256.79,256.79,170575500
2023-06-13,253.51,259.68,251.34,258.71,258.71,162384300
2023-06-12,247.94,250.97,244.59,249.83,249.83,150337900
2023-06-09,249.07,252.42,242.02,244.4,244.4,199882300
2023-06-08,224.22,235.23,223.01,234.86,234.86,164489700
2023-06-07,228.0,230.83,223.2,224.57,224.57,185710800
2023-06-06,216.14,221.91,212.53,221.31,221.31,146911600
2023-06-05,217.8,221.29,214.52,217.61,217.61,151143100
2023-06-02,210.15,217.25,209.75,213.97,213.97,164129000
2023-06-01,202.59,209.8,199.37,207.52,207.52,148029900
2023-05-31,199.78,203.95,195.12,203.93,203.93,150711700
2023-05-30,200.1,204.48,197.53,201.16,201.16,128818700
2023-05-26,184.62,198.6,184.53,193.17,193.17,162061500
2023-05-25,186.54,186.78,180.58,184.47,184.47,96870700
2023-05-24,182.23,184.22,178.22,182.9,182.9,137605100
2023-05-23,186.2,192.96,185.26,185.77,185.77,156952100
2023-05-22,180.7,189.32,180.11,188.87,188.87,132001400
2023-05-19,177.17,181.95,176.31,180.14,180.14,136024200
2023-05-18,174.22,177.06,172.45,176.89,176.89,109520300
2023-05-17,168.41,174.5,167.19,173.86,173.86,125473600
2023-05-16,165.65,169.52,164.35,166.52,166.52,98288800
2023-05-15,167.66,169.76,164.55,166.35,166.35,105592500
2023-05-12,176.07,177.38,167.23,167.98,167.98,157577100
2023-05-11,168.7,173.57,166.79,172.08,172.08,103889900
2023-05-10,172.55,174.43,166.68,168.54,168.54,119840700
2023-05-09,168.95,169.82,166.56,169.15,169.15,88965000
2023-05-08,173.72,173.8,169.19,171.79,171.79,112249400
2023-05-05,163.97,170.79,163.51,170.06,170.06,107440900
2023-05-04,162.71,162.95,159.65,161.2,161.2,95108500
2023-05-03,160.01,165.0,159.91,160.61,160.61,119728000
2023-05-02,161.88,165.49,158.93,160.31,160.31,128259700
2023-05-01,163.17,163.28,158.83,161.83,161.83,109015000
2023-04-28,160.9,165.0,157.32,164.31,164.31,122515800
2023-04-27,152.64,160.48,152.37,160.19,160.19,127015200
2023-04-26,160.29,160.67,153.14,153.75,153.75,153364100
2023-04-25,159.82,163.47,158.75,160.67,160.67,121999300
2023-04-24,164.65,165.65,158.61,162.55,162.55,140006600
2023-04-21,164.8,166.0,161.32,165.08,165.08,123539000
2023-04-20,166.17,169.7,160.56,162.99,162.99,210970800
2023-04-19,179.1,183.5,177.65,180.59,180.59,125732700
2023-04-18,187.15,187.69,183.58,184.31,184.31,92067000
2023-04-17,186.32,189.69,182.69,187.04,187.04,116662200
2023-04-14,183.95,186.28,182.01,185.0,185.0,96438700
2023-04-13,182.96,186.5,180.94,185.9,185.9,112933000
2023-04-12,190.74,191.58,180.31,180.54,180.54,150256300
2023-04-11,186.69,189.19,185.65,186.79,186.79,115770900
2023-04-10,179.94,185.1,176.11,184.51,184.51,142154600
2023-04-06,183.08,186.39,179.74,185.06,185.06,123857900
2023-04-05,190.52,190.68,183.76,185.52,185.52,133882500
2023-04-04,197.32,198.74,190.32,192.58,192.58,126463800
2023-04-03,199.91,202.69,192.2,194.77,194.77,169545900
2023-03-31,197.53,207.79,197.2,207.46,207.46,170222100
2023-03-30,195.58,197.33,194.42,195.28,195.28,110252200
2023-03-29,193.13,195.29,189.44,193.88,193.88,123660000
2023-03-28,192.0,192.35,185.43,189.19,189.19,98654600
2023-03-27,194.42,197.39,189.94,191.81,191.81,120851600
2023-03-24,191.65,192.36,187.15,190.41,190.41,116312400
2023-03-23,195.26,199.31,188.65,192.22,192.22,144193900
2023-03-22,199.3,200.66,190.95,191.15,191.15,150376400
2023-03-21,188.28,198.0,188.04,197.58,197.58,153391400
2023-03-20,178.08,186.44,176.35,183.25,183.25,129684400
2023-03-17,184.52,186.22,177.33,180.13,180.13,133197100
2023-03-16,180.37,185.81,178.84,184.13,184.13,121136800
2023-03-15,180.8,182.34,176.03,180.45,180.45,145995600
2023-03-14,177.31,183.8,177.14,183.26,183.26,143717900
2023-03-13,167.46,177.35,163.91,174.48,174.48,167790300
2023-03-10,175.13,178.29,168.44,173.44,173.44,191488900
2023-03-09,180.25,185.18,172.51,172.92,172.92,170023800
2023-03-08,185.04,186.5,180.0,182.0,182.0,151897800
2023-03-07,191.38,194.2,186.1,187.71,187.71,148125800
2023-03-06,198.54,198.6,192.3,193.81,193.81,128100100
2023-03-03,194.8,200.48,192.88,197.79,197.79,154193300
2023-03-02,186.74,193.75,186.01,190.9,190.9,181500700
2023-03-01,206.21,207.2,198.52,202.77,202.77,156852800
2023-02-28,210.59,211.23,203.75,205.71,205.71,153144900
2023-02-27,202.03,209.42,201.26,207.63,207.63,161028300
